{"cameraMode":{"drawMode":0,"name":"Shaded","section":"Shading Mode"},"sceneLighting":false,"audioPlay":false,"sceneViewState":{"showFog":true,"showMaterialUpdate":true,"showSkybox":false,"showFlares":true,"showImageEffects":true,"showParticleSystems":true},"in2DMode":false,"pivot":{"x":1.3531733751296998,"y":4.950477600097656,"z":-0.11335504055023194},"rotation":{"x":0.6721195578575134,"y":-0.019983582198619844,"z":0.01815170980989933,"w":0.7399504780769348},"size":10.11340045928955,"orthographic":false}