{"cameraMode":{"drawMode":0,"name":"Shaded","section":"Shading Mode"},"sceneLighting":true,"audioPlay":false,"sceneViewState":{"showFog":true,"showMaterialUpdate":true,"showSkybox":true,"showFlares":true,"showImageEffects":true,"showParticleSystems":true},"in2DMode":false,"pivot":{"x":513.366943359375,"y":-21.9887638092041,"z":152.68994140625},"rotation":{"x":0.39521726965904238,"y":-0.10027258843183518,"z":0.04345041513442993,"w":0.9120640754699707},"size":33.169647216796878,"orthographic":false}