{"cameraMode":{"drawMode":0,"name":"Shaded","section":"Shading Mode"},"sceneLighting":false,"audioPlay":false,"sceneViewState":{"showFog":true,"showMaterialUpdate":true,"showSkybox":false,"showFlares":true,"showImageEffects":true,"showParticleSystems":true},"in2DMode":false,"pivot":{"x":-22.843828201293947,"y":23.447208404541017,"z":-51.91039276123047},"rotation":{"x":-0.2151990532875061,"y":0.004974390845745802,"z":-0.0010973388561978937,"w":-0.9765594601631165},"size":10.0,"orthographic":false}