{"cameraMode":{"drawMode":0,"name":"Shaded","section":"Shading Mode"},"sceneLighting":true,"audioPlay":false,"sceneViewState":{"showFog":true,"showMaterialUpdate":true,"showSkybox":true,"showFlares":true,"showImageEffects":true,"showParticleSystems":true},"in2DMode":false,"pivot":{"x":290.80096435546877,"y":34.1578369140625,"z":160.3125762939453},"rotation":{"x":-0.11404716223478317,"y":0.015494627878069878,"z":-0.0017790873534977437,"w":-0.9933539032936096},"size":24.79439353942871,"orthographic":false}