{"cameraMode":{"drawMode":0,"name":"Shaded","section":"Shading Mode"},"sceneLighting":true,"audioPlay":false,"sceneViewState":{"showFog":true,"showMaterialUpdate":true,"showSkybox":true,"showFlares":true,"showImageEffects":true,"showParticleSystems":true},"in2DMode":false,"pivot":{"x":82.03339385986328,"y":11.448770523071289,"z":138.7455291748047},"rotation":{"x":-0.11404716223478317,"y":0.015494627878069878,"z":-0.0017790873534977437,"w":-0.9933539032936096},"size":-0.9153308272361755,"orthographic":false}