{"cameraMode":{"drawMode":0,"name":"Shaded","section":"Shading Mode"},"sceneLighting":true,"audioPlay":false,"sceneViewState":{"showFog":true,"showMaterialUpdate":true,"showSkybox":true,"showFlares":true,"showImageEffects":true,"showParticleSystems":true},"in2DMode":false,"pivot":{"x":-3.7290351390838625,"y":19.16098403930664,"z":211.62496948242188},"rotation":{"x":0.026686586439609529,"y":0.006594659760594368,"z":0.0001759182196110487,"w":-0.9996230602264404},"size":144.52069091796876,"orthographic":false}