{"cameraMode":{"drawMode":0,"name":"Shaded","section":"Shading Mode"},"sceneLighting":true,"audioPlay":false,"sceneViewState":{"showFog":true,"showMaterialUpdate":true,"showSkybox":true,"showFlares":true,"showImageEffects":true,"showParticleSystems":true},"in2DMode":false,"pivot":{"x":210.8775634765625,"y":26.18193817138672,"z":214.13304138183595},"rotation":{"x":0.02818530611693859,"y":0.009593100287020207,"z":0.00027036707615479827,"w":-0.999557614326477},"size":101.83126068115235,"orthographic":false}