{"cameraMode":{"drawMode":0,"name":"Shaded","section":"Shading Mode"},"sceneLighting":true,"audioPlay":false,"sceneViewState":{"showFog":true,"showMaterialUpdate":true,"showSkybox":true,"showFlares":true,"showImageEffects":true,"showParticleSystems":true},"in2DMode":false,"pivot":{"x":-6.3656415939331059,"y":2.2502923011779787,"z":5.072763919830322},"rotation":{"x":0.02839205414056778,"y":-0.08536116033792496,"z":0.0024334480985999109,"w":0.9959423542022705},"size":9.673760414123536,"orthographic":false}