{"cameraMode":{"drawMode":0,"name":"Shaded","section":"Shading Mode"},"sceneLighting":true,"audioPlay":false,"sceneViewState":{"showFog":true,"showMaterialUpdate":true,"showSkybox":true,"showFlares":true,"showImageEffects":true,"showParticleSystems":true},"in2DMode":false,"pivot":{"x":-3.452955484390259,"y":13.71342945098877,"z":76.6188735961914},"rotation":{"x":-0.11553706228733063,"y":0.015491941943764687,"z":-0.0018023273441940547,"w":-0.9931817054748535},"size":0.8063739538192749,"orthographic":false}