{"cameraMode":{"drawMode":0,"name":"Shaded","section":"Shading Mode"},"sceneLighting":true,"audioPlay":false,"sceneViewState":{"showFog":true,"showMaterialUpdate":true,"showSkybox":true,"showFlares":true,"showImageEffects":true,"showParticleSystems":true},"in2DMode":false,"pivot":{"x":-3.655500650405884,"y":-6.470126628875732,"z":40.811790466308597},"rotation":{"x":-0.11553706228733063,"y":0.015491941943764687,"z":-0.0018023273441940547,"w":-0.9931817054748535},"size":29.322933197021486,"orthographic":false}