{"cameraMode":{"drawMode":0,"name":"Shaded","section":"Shading Mode"},"sceneLighting":true,"audioPlay":false,"sceneViewState":{"showFog":true,"showMaterialUpdate":true,"showSkybox":true,"showFlares":true,"showImageEffects":true,"showParticleSystems":true},"in2DMode":false,"pivot":{"x":321.7901916503906,"y":3.4505882263183595,"z":226.38194274902345},"rotation":{"x":-0.11404716223478317,"y":0.015494627878069878,"z":-0.0017790873534977437,"w":-0.9933539032936096},"size":46.184226989746097,"orthographic":false}