{"cameraMode":{"drawMode":0,"name":"Shaded","section":"Shading Mode"},"sceneLighting":true,"audioPlay":false,"sceneViewState":{"showFog":true,"showMaterialUpdate":true,"showSkybox":true,"showFlares":true,"showImageEffects":true,"showParticleSystems":true},"in2DMode":false,"pivot":{"x":80.12208557128906,"y":-310.60504150390627,"z":286.8097839355469},"rotation":{"x":-0.42222699522972109,"y":0.07247582823038101,"z":-0.0338914580643177,"w":-0.9029551148414612},"size":323.1262512207031,"orthographic":false}