{"cameraMode":{"drawMode":0,"name":"Shaded","section":"Shading Mode"},"sceneLighting":true,"audioPlay":false,"sceneViewState":{"showFog":true,"showMaterialUpdate":true,"showSkybox":true,"showFlares":true,"showImageEffects":true,"showParticleSystems":true},"in2DMode":false,"pivot":{"x":199.1739959716797,"y":14.719451904296875,"z":146.92333984375},"rotation":{"x":-0.11404716223478317,"y":0.015494627878069878,"z":-0.0017790873534977437,"w":-0.9933539032936096},"size":25.97983741760254,"orthographic":false}