{"cameraMode":{"drawMode":0,"name":"Shaded","section":"Shading Mode"},"sceneLighting":true,"audioPlay":false,"sceneViewState":{"showFog":true,"showMaterialUpdate":true,"showSkybox":true,"showFlares":true,"showImageEffects":true,"showParticleSystems":true},"in2DMode":false,"pivot":{"x":50.8803596496582,"y":6.795453071594238,"z":37.434234619140628},"rotation":{"x":0.31029972434043887,"y":-0.38223859667778017,"z":0.13801376521587373,"w":0.8593956232070923},"size":3.951385974884033,"orthographic":false}