{"cameraMode":{"drawMode":0,"name":"Shaded","section":"Shading Mode"},"sceneLighting":true,"audioPlay":false,"sceneViewState":{"showFog":true,"showMaterialUpdate":true,"showSkybox":true,"showFlares":true,"showImageEffects":true,"showParticleSystems":true},"in2DMode":false,"pivot":{"x":173.37451171875,"y":-308.5363464355469,"z":304.3836364746094},"rotation":{"x":-0.42222699522972109,"y":0.07247582823038101,"z":-0.0338914580643177,"w":-0.9029551148414612},"size":216.8162384033203,"orthographic":false}