{"cameraMode":{"drawMode":0,"name":"Shaded","section":"Shading Mode"},"sceneLighting":true,"audioPlay":false,"sceneViewState":{"showFog":true,"showMaterialUpdate":true,"showSkybox":true,"showFlares":true,"showImageEffects":true,"showParticleSystems":true},"in2DMode":false,"pivot":{"x":85.94821166992188,"y":4.207259178161621,"z":255.4724578857422},"rotation":{"x":-0.10058408230543137,"y":0.8984189033508301,"z":-0.32377830147743227,"w":-0.27909788489341738},"size":0.8835029602050781,"orthographic":false}