{"cameraMode":{"drawMode":0,"name":"Shaded","section":"Shading Mode"},"sceneLighting":true,"audioPlay":false,"sceneViewState":{"showFog":true,"showMaterialUpdate":true,"showSkybox":true,"showFlares":true,"showImageEffects":true,"showParticleSystems":true},"in2DMode":false,"pivot":{"x":117.20266723632813,"y":-80.13159942626953,"z":120.16293334960938},"rotation":{"x":-0.20228055119514466,"y":-0.7841366529464722,"z":0.4887770712375641,"w":-0.32451528310775759},"size":91.99954986572266,"orthographic":false}