{"cameraMode":{"drawMode":0,"name":"Shaded","section":"Shading Mode"},"sceneLighting":true,"audioPlay":false,"sceneViewState":{"showFog":false,"showMaterialUpdate":false,"showSkybox":true,"showFlares":false,"showImageEffects":false,"showParticleSystems":false},"in2DMode":false,"pivot":{"x":15.713894844055176,"y":0.22046709060668946,"z":17.05437660217285},"rotation":{"x":-0.1155342310667038,"y":0.0169816967099905,"z":-0.0019756308756768705,"w":-0.9931573867797852},"size":14.92204761505127,"orthographic":false}