{"cameraMode":{"drawMode":0,"name":"Shaded","section":"Shading Mode"},"sceneLighting":true,"audioPlay":false,"sceneViewState":{"showFog":true,"showMaterialUpdate":true,"showSkybox":true,"showFlares":true,"showImageEffects":true,"showParticleSystems":true},"in2DMode":false,"pivot":{"x":-1.8859477043151856,"y":44.756507873535159,"z":-16.146934509277345},"rotation":{"x":0.31609368324279787,"y":-0.03953422233462334,"z":0.01318434625864029,"w":0.947815477848053},"size":31.49534797668457,"orthographic":false}