{"cameraMode":{"drawMode":0,"name":"Shaded","section":"Shading Mode"},"sceneLighting":false,"audioPlay":false,"sceneViewState":{"showFog":true,"showMaterialUpdate":true,"showSkybox":false,"showFlares":true,"showImageEffects":true,"showParticleSystems":true},"in2DMode":false,"pivot":{"x":1.416821002960205,"y":4.97699499130249,"z":8.60029125213623},"rotation":{"x":-0.1155342310667038,"y":0.0169816967099905,"z":-0.0019756308756768705,"w":-0.9931573271751404},"size":13.16818904876709,"orthographic":false}