{"cameraMode":{"drawMode":0,"name":"Shaded","section":"Shading Mode"},"sceneLighting":true,"audioPlay":false,"sceneViewState":{"showFog":true,"showMaterialUpdate":true,"showSkybox":true,"showFlares":true,"showImageEffects":true,"showParticleSystems":true},"in2DMode":false,"pivot":{"x":-7.775545120239258,"y":61.16284942626953,"z":56.642364501953128},"rotation":{"x":-0.11553706228733063,"y":0.015491941943764687,"z":-0.0018023273441940547,"w":-0.9931817054748535},"size":109.17407989501953,"orthographic":false}