{"cameraMode":{"drawMode":0,"name":"Shaded","section":"Shading Mode"},"sceneLighting":false,"audioPlay":false,"sceneViewState":{"showFog":true,"showMaterialUpdate":true,"showSkybox":false,"showFlares":true,"showImageEffects":true,"showParticleSystems":true},"in2DMode":false,"pivot":{"x":1.416820764541626,"y":4.97699499130249,"z":8.60029125213623},"rotation":{"x":-0.11553706228733063,"y":0.015491941943764687,"z":-0.0018023273441940547,"w":-0.9931817054748535},"size":13.168190002441407,"orthographic":false}