{"cameraMode":{"drawMode":0,"name":"Shaded","section":"Shading Mode"},"sceneLighting":true,"audioPlay":false,"sceneViewState":{"showFog":true,"showMaterialUpdate":true,"showSkybox":true,"showFlares":true,"showImageEffects":true,"showParticleSystems":true},"in2DMode":false,"pivot":{"x":3.9173760414123537,"y":31.33836555480957,"z":211.07562255859376},"rotation":{"x":0.026686586439609529,"y":0.006594659760594368,"z":0.0001759182196110487,"w":-0.9996230602264404},"size":159.91024780273438,"orthographic":false}