{"cameraMode":{"drawMode":0,"name":"Shaded","section":"Shading Mode"},"sceneLighting":true,"audioPlay":false,"sceneViewState":{"showFog":true,"showMaterialUpdate":true,"showSkybox":true,"showFlares":true,"showImageEffects":true,"showParticleSystems":true},"in2DMode":false,"pivot":{"x":61.016632080078128,"y":12.306419372558594,"z":138.28941345214845},"rotation":{"x":-0.11404716223478317,"y":0.015494627878069878,"z":-0.0017790873534977437,"w":-0.9933539032936096},"size":3.4334754943847658,"orthographic":false}