{"cameraMode":{"drawMode":0,"name":"Shaded","section":"Shading Mode"},"sceneLighting":true,"audioPlay":false,"sceneViewState":{"showFog":true,"showMaterialUpdate":true,"showSkybox":true,"showFlares":true,"showImageEffects":true,"showParticleSystems":true},"in2DMode":false,"pivot":{"x":2.3916187286376955,"y":-163.72520446777345,"z":400.79022216796877},"rotation":{"x":-0.2151990532875061,"y":0.004974390845745802,"z":-0.0010973388561978937,"w":-0.9765594601631165},"size":203.9803924560547,"orthographic":false}