{"cameraMode":{"drawMode":0,"name":"Shaded","section":"Shading Mode"},"sceneLighting":false,"audioPlay":false,"sceneViewState":{"showFog":true,"showMaterialUpdate":true,"showSkybox":false,"showFlares":true,"showImageEffects":true,"showParticleSystems":true},"in2DMode":false,"pivot":{"x":-0.0032495856285095217,"y":0.03483390808105469,"z":-0.12332108616828919},"rotation":{"x":-0.11553706228733063,"y":0.015491941943764687,"z":-0.0018023273441940547,"w":-0.9931817054748535},"size":1.5974079370498658,"orthographic":false}