{"cameraMode":{"drawMode":0,"name":"Shaded","section":"Shading Mode"},"sceneLighting":true,"audioPlay":false,"sceneViewState":{"showFog":true,"showMaterialUpdate":true,"showSkybox":true,"showFlares":true,"showImageEffects":true,"showParticleSystems":true},"in2DMode":false,"pivot":{"x":16.33650779724121,"y":-18.948331832885743,"z":-37.52872085571289},"rotation":{"x":0.2822302281856537,"y":0.16162607073783875,"z":-0.048301178961992267,"w":0.9443992972373962},"size":18.65817642211914,"orthographic":false}