{"cameraMode":{"drawMode":0,"name":"Shaded","section":"Shading Mode"},"sceneLighting":false,"audioPlay":false,"sceneViewState":{"showFog":true,"showMaterialUpdate":true,"showSkybox":false,"showFlares":true,"showImageEffects":true,"showParticleSystems":true},"in2DMode":false,"pivot":{"x":2.776705265045166,"y":4.119354248046875,"z":-0.5196316838264465},"rotation":{"x":-0.19146430492401124,"y":0.8031551837921143,"z":-0.3437395989894867,"w":-0.4473583400249481},"size":0.15050870180130006,"orthographic":false}