{"cameraMode":{"drawMode":0,"name":"Shaded","section":"Shading Mode"},"sceneLighting":true,"audioPlay":false,"sceneViewState":{"showFog":true,"showMaterialUpdate":true,"showSkybox":true,"showFlares":true,"showImageEffects":true,"showParticleSystems":true},"in2DMode":false,"pivot":{"x":-4.640480041503906,"y":32.57271957397461,"z":-28.667537689208986},"rotation":{"x":0.44067490100860598,"y":-0.08165976405143738,"z":0.04029538109898567,"w":0.8930398225784302},"size":15.83107852935791,"orthographic":false}